<application>
  <component name="CodeInsightSettings">
    <option name="completionCaseSensitive" value="2" />
    <option name="selectAutopopupSuggestionsByChars" value="true" />
    <option name="COMPLETION_CASE_SENSITIVE" value="2" />
    <option name="SELECT_AUTOPOPUP_SUGGESTIONS_BY_CHARS" value="true" />
    <option name="AUTOCOMPLETE_ON_CODE_COMPLETION" value="false" />
    <option name="SMART_INDENT_ON_ENTER" value="false" />
    <option name="INSERT_BRACE_ON_ENTER" value="false" />
    <option name="SURROUND_SELECTION_ON_QUOTE_TYPED" value="false" />
  </component>
  <component name="EditorSettings">
    <option name="USE_SOFT_WRAPS" value="MAIN_EDITOR" />
    <option name="SOFT_WRAP_FILE_MASKS" value="*" />
    <option name="STRIP_TRAILING_SPACES" value="None" />
    <option name="IS_WHEEL_FONTCHANGE_ENABLED" value="true" />
    <option name="INSERT_PARENTHESES_AUTOMATICALLY" value="false" />
  </component>
  <component name="JSEditorOptions">
    <option name="ESCAPE_PASTED_TEXT" value="false" />
    <option name="CONVERT_HTML_TO_JSX" value="false" />
    <option name="ESCAPE_DOC_ON_COPY_PASTE" value="false" />
  </component>
  <component name="JsonEditorOptions">
    <option name="COMMA_ON_ENTER" value="false" />
    <option name="COMMA_ON_MATCHING_BRACES" value="false" />
    <option name="COMMA_ON_PASTE" value="false" />
    <option name="AUTO_QUOTE_PROP_NAME" value="false" />
    <option name="AUTO_WHITESPACE_AFTER_COLON" value="false" />
    <option name="ESCAPE_PASTED_TEXT" value="false" />
  </component>
  <component name="TodoConfiguration">
    <pattern pattern="(?&lt;=\W|^)(?&lt;TAG&gt;TODO)(\W|$)(.*)" />
    <pattern pattern="(?&lt;=\W|^)(?&lt;TAG&gt;BUG)(\W|$)(.*)" />
    <pattern pattern="\bNotImplementedException\b" />
  </component>
  <component name="XmlEditorOptions">
    <option name="insertQuotesForAttributeValue" value="false" />
  </component>
  <component name="YamlEditorOptions">
    <option name="useSmartPaste" value="false" />
  </component>
</application>